<refentry xmlns:src="http://nwalsh.com/xmlns/litprog/fragment"
          xmlns:xsl="http://www.w3.org/1999/XSL/Transform"
          id="biblioentry.properties">
<refnamediv>
<refname>biblioentry.properties</refname>
<refpurpose>To set the style for biblioentry.</refpurpose>
</refnamediv>

<refsynopsisdiv>
<src:fragment id='biblioentry.properties.frag'><xsl:attribute-set name="biblioentry.properties" use-attribute-sets="normal.para.spacing">
  <xsl:attribute name="start-indent">0.5in</xsl:attribute>
  <xsl:attribute name="text-indent">-0.5in</xsl:attribute>
</xsl:attribute-set>
</src:fragment>
</refsynopsisdiv>
<refsect1><title>Description</title>
<para>How do you want biblioentry styled? </para>
<para>Set the font-size, weight, space-above and space-below, indents, etc. to the style required</para>

</refsect1>
</refentry>
