<refentry xmlns:src="http://nwalsh.com/xmlns/litprog/fragment"
          xmlns:xsl="http://www.w3.org/1999/XSL/Transform"
          id="generate.index">
<refmeta>
<refentrytitle>generate.index</refentrytitle>
<refmiscinfo role="type">boolean</refmiscinfo>
</refmeta>
<refnamediv>
<refname>generate.index</refname>
<refpurpose>Do you want an index?</refpurpose>
</refnamediv>

<refsynopsisdiv>
<src:fragment id='generate.index.frag'><xsl:param name="generate.index" select="1"/></src:fragment>
</refsynopsisdiv>

<refsect1><title>Description</title>

<para>Specify if an index should be generated. </para>

</refsect1>
</refentry>
