<refentry xmlns:src="http://nwalsh.com/xmlns/litprog/fragment"
          xmlns:xsl="http://www.w3.org/1999/XSL/Transform"
          id="navig.graphics.path">
<refmeta>
<refentrytitle>navig.graphics.path</refentrytitle>
<refmiscinfo role="type">string</refmiscinfo>
</refmeta>
<refnamediv>
<refname>navig.graphics.path</refname>
<refpurpose>Path to navigational graphics</refpurpose>
</refnamediv>

<refsynopsisdiv>
<src:fragment id='navig.graphics.path.frag'><xsl:param name="navig.graphics.path">images/</xsl:param></src:fragment>
</refsynopsisdiv>

<refsect1><title>Description</title>

<para>Sets the path, probably relative to the directory where the HTML
files are created, to the navigational graphics used in the
headers and footers of chunked HTML.
</para>

</refsect1>
</refentry>
