<refentry xmlns:src="http://nwalsh.com/xmlns/litprog/fragment"
          xmlns:xsl="http://www.w3.org/1999/XSL/Transform"
          id="olink.resolver">
<refmeta>
<refentrytitle>olink.resolver</refentrytitle>
<refmiscinfo role="type"></refmiscinfo>
</refmeta>
<refnamediv>
<refname>olink.resolver</refname>
<refpurpose>The root name of the OLink resolver (usually a script)</refpurpose>
</refnamediv>

<refsynopsisdiv>
<src:fragment id='olink.resolver.frag'><xsl:param name="olink.resolver" select="'/cgi-bin/olink'"/></src:fragment>
</refsynopsisdiv>

<refsect1><title>Description</title>

<para>FIXME:</para>

</refsect1>
</refentry>
